trip_id,operator_id,operator_name
t654-b44D-slBE,OP33AS,Adam Shumpert
t654-b44D-slBF,OP33AS,Adam Shumpert
t654-b44D-slC1,OP33AS,Adam Shumpert
t654-b44D-slC2,OP33AS,Adam Shumpert
t406-bAF1-slBE,OP78AT,Adam Thompsons
t406-bAF1-slBF,OP78AT,Adam Thompsons
t406-bAF1-slC1,OP78AT,Adam Thompsons
t406-bAF1-slC2,OP78AT,Adam Thompsons
t406-bAF1-slBC,OP78AT,Adam Thompsons
t2F3-b1389-slBE,OP21AJ,Adore Jackson
t2F3-b1389-slBF,OP21AJ,Adore Jackson
t2F3-b1389-slC1,OP21AJ,Adore Jackson
t2F3-b1389-slC2,OP21AJ,Adore Jackson
t2F3-b1389-slBC,OP21AJ,Adore Jackson
t51E-b3E9-slBE,OP56AH,Alec Hismith
t51E-bD53-slBF,OP56AH,Alec Hismith
t51E-b3E9-slBF,OP56AH,Alec Hismith
t51E-bD53-slC1,OP56AH,Alec Hismith
t51E-b3E9-slC1,OP56AH,Alec Hismith
t51E-bD53-slC2,OP56AH,Alec Hismith
t51E-b3E9-slC2,OP56AH,Alec Hismith
t51E-b3E9-slBC,OP56AH,Alec Hismith
t70D-bCE6-slBE,OP020AR,Alison Rovers
t70D-bCE6-slBF,OP020AR,Alison Rovers
t70D-bCE6-slC1,OP020AR,Alison Rovers
t70D-bCE6-slC2,OP020AR,Alison Rovers
t2BC-bA8D-slBE,OP22AP,Andru Phillips
t2BC-bA8D-slBF,OP22AP,Andru Phillips
t2BC-bA8D-slC1,OP22AP,Andru Phillips
t2BC-bA8D-slC2,OP22AP,Andru Phillips
t2BC-bA8D-slBC,OP22AP,Andru Phillips
t2F3-bBBA-slBE,OP23AJ,Anthony Johnson
t2F3-bBBA-slBF,OP23AJ,Anthony Johnson
t2F3-bBBA-slC1,OP23AJ,Anthony Johnson
t2F3-bBBA-slC2,OP23AJ,Anthony Johnson
t2F3-bBBA-slBC,OP23AJ,Anthony Johnson
t6CC-b3E9-slBE,OP13AS,Arlene Shipley
t6CC-b3E9-slBF,OP13AS,Arlene Shipley
t6CC-b3E9-slC1,OP13AS,Arlene Shipley
t6CC-b3E9-slC2,OP13AS,Arlene Shipley
t40B-b76D-slBE,OP96AW,Arnold Wing
t40B-b76D-slBF,OP96AW,Arnold Wing
t40B-b76D-slC1,OP96AW,Arnold Wing
t40B-b76D-slC2,OP96AW,Arnold Wing
t40B-b76D-slBC,OP96AW,Arnold Wing
t34D-bD49-slBE,OP64AS,Aron Stimmie
t34D-bD49-slBF,OP64AS,Aron Stimmie
t34D-bD49-slC1,OP64AS,Aron Stimmie
t34D-bD49-slC2,OP64AS,Aron Stimmie
t34D-bD49-slBC,OP64AS,Aron Stimmie
t32A-b3E9-slBE,OP35AG,Art Green
t32A-b3E9-slBF,OP35AG,Art Green
t32A-b3E9-slC1,OP35AG,Art Green
t32A-b3E9-slC2,OP35AG,Art Green
t32A-b3E9-slBC,OP35AG,Art Green
t357-bC1C-slBE,OP65AS,Austin Shlotman
t357-bC1C-slBF,OP65AS,Austin Shlotman
t357-bC1C-slC1,OP65AS,Austin Shlotman
t357-bC1C-slC2,OP65AS,Austin Shlotman
t357-bC1C-slBC,OP65AS,Austin Shlotman
t3FC-bBBA-slBE,OP51AO,Aziz Ojulare
t3FC-bBBA-slBF,OP51AO,Aziz Ojulare
t3FC-bBBA-slC2,OP51AO,Aziz Ojulare
t3FC-bBBA-slBC,OP51AO,Aziz Ojulare
t582-b3E9-slBE,OP77BJ,Ben Jonze
t582-b3E9-slBF,OP77BJ,Ben Jonze
t582-b3E9-slC1,OP77BJ,Ben Jonze
t582-b3E9-slC2,OP77BJ,Ben Jonze
t582-b3E9-slBC,OP77BJ,Ben Jonze
t4C4-b44D-slBE,OP31BB,Bernie Bisshara
t4C4-b44D-slBF,OP31BB,Bernie Bisshara
t4C4-b44D-slC1,OP31BB,Bernie Bisshara
t4C4-b44D-slC2,OP31BB,Bernie Bisshara
t4C4-b44D-slBC,OP31BB,Bernie Bisshara
t460-b44D-slBE,OP15BS,Bob Skoronik
t460-b44D-slBF,OP15BS,Bob Skoronik
t460-b44D-slC1,OP15BS,Bob Skoronik
t460-b44D-slC2,OP15BS,Bob Skoronik
t460-b44D-slBC,OP15BS,Bob Skoronik
t2DA-bD49-slBE,OP58BO,Bobby Okereke
t2DF-bC1C-slBE,OP58BO,Bobby Okereke
t2DA-bD49-slBF,OP58BO,Bobby Okereke
t2DA-bD53-slBF,OP58BO,Bobby Okereke
t2DF-bC1C-slBF,OP58BO,Bobby Okereke
t2DA-bD49-slC1,OP58BO,Bobby Okereke
t2DF-bC1C-slC1,OP58BO,Bobby Okereke
t2DA-bD49-slC2,OP58BO,Bobby Okereke
t2DA-bD53-slC2,OP58BO,Bobby Okereke
t2DF-bC1C-slC2,OP58BO,Bobby Okereke
t2DA-bD49-slBC,OP58BO,Bobby Okereke
t2DF-bC1C-slBC,OP58BO,Bobby Okereke
t609-bD49-slBE,OP89BJ,Brayden Jonns
t609-b44D-slBE,OP89BJ,Brayden Jonns
t609-bD49-slBF,OP89BJ,Brayden Jonns
t609-b44D-slBF,OP89BJ,Brayden Jonns
t609-bD49-slC1,OP89BJ,Brayden Jonns
t609-b44D-slC1,OP89BJ,Brayden Jonns
t609-bD49-slC2,OP89BJ,Brayden Jonns
t609-b44D-slC2,OP89BJ,Brayden Jonns
t271-bA8D-slBE,OP0BB,Brian Banks
t271-bA8D-slBF,OP0BB,Brian Banks
t271-bA8D-slC1,OP0BB,Brian Banks
t271-bA8D-slC2,OP0BB,Brian Banks
t271-bA8D-slBC,OP0BB,Brian Banks
t398-b44D-slBE,OP60BH,Brian Hutson
t398-b44D-slBF,OP60BH,Brian Hutson
t398-b44D-slC1,OP60BH,Brian Hutson
t398-b44D-slC2,OP60BH,Brian Hutson
t398-b44D-slBC,OP60BH,Brian Hutson
t384-b7D2-slBE,OP88BW,Brice Watson
t384-b7D2-slBF,OP88BW,Brice Watson
t384-b7D2-slC1,OP88BW,Brice Watson
t384-b7D2-slC2,OP88BW,Brice Watson
t384-b7D2-slBC,OP88BW,Brice Watson
t645-b7D1-slBE,OP103CM,Cal McCutchen
t645-b7D1-slBF,OP103CM,Cal McCutchen
t645-b7D1-slC1,OP103CM,Cal McCutchen
t645-b7D1-slC2,OP103CM,Cal McCutchen
t541-bD49-slBE,OP67CA,Caleb Andresson
t541-bD49-slBF,OP67CA,Caleb Andresson
t541-bD49-slC1,OP67CA,Caleb Andresson
t541-bD49-slC2,OP67CA,Caleb Andresson
t541-bD49-slBC,OP67CA,Caleb Andresson
t5DC-bD49-slBE,OP97CH,Cam Hayes
t5DC-bD53-slBF,OP97CH,Cam Hayes
t5DC-bD49-slBF,OP97CH,Cam Hayes
t5DC-bD53-slC1,OP97CH,Cam Hayes
t5DC-bD49-slC1,OP97CH,Cam Hayes
t5DC-bD53-slC2,OP97CH,Cam Hayes
t5DC-bD49-slC2,OP97CH,Cam Hayes
t5DC-bD49-slBC,OP97CH,Cam Hayes
t474-b3E9-slBE,OP20CS,Cam Stotten
t474-b3E9-slBF,OP20CS,Cam Stotten
t474-b3E9-slC1,OP20CS,Cam Stotten
t474-b3E9-slC2,OP20CS,Cam Stotten
t474-b3E9-slBC,OP20CS,Cam Stotten
t3A2-bBBA-slBE,OP91CR,Carey Rodgers
t3A2-bBBA-slBF,OP91CR,Carey Rodgers
t3A2-bBBA-slC2,OP91CR,Carey Rodgers
t3A2-bBBA-slBC,OP91CR,Carey Rodgers
t46A-b9F7-slBE,OP19CA,Carson Alvin
t46A-b9F7-slBF,OP19CA,Carson Alvin
t46A-b9F7-slC1,OP19CA,Carson Alvin
t46A-b9F7-slC2,OP19CA,Carson Alvin
t46A-b9F7-slBC,OP19CA,Carson Alvin
t33E-bC1C-slBE,OP59CK,Casee Kreeter
t33E-bC1C-slBF,OP59CK,Casee Kreeter
t33E-bC1C-slC1,OP59CK,Casee Kreeter
t33E-bC1C-slC2,OP59CK,Casee Kreeter
t33E-bC1C-slBC,OP59CK,Casee Kreeter
t2D5-bA8D-slBE,OP70CH,Chris Hubbard
t2D5-bA8D-slBF,OP70CH,Chris Hubbard
t2D5-bA8D-slC1,OP70CH,Chris Hubbard
t2D5-bA8D-slC2,OP70CH,Chris Hubbard
t2D5-bA8D-slBC,OP70CH,Chris Hubbard
t2E9-b7D2-slBE,OP85CM,Chris Manhertz
t2E9-b7D2-slBF,OP85CM,Chris Manhertz
t2E9-b7D2-slC1,OP85CM,Chris Manhertz
t2E9-b7D2-slC2,OP85CM,Chris Manhertz
t2E9-b7D2-slBC,OP85CM,Chris Manhertz
t668-bBB9-slBE,OP21CH,Christy Hampson
t668-bBB9-slBF,OP21CH,Christy Hampson
t668-bD54-slBF,OP21CH,Christy Hampson
t668-bD54-slC1,OP21CH,Christy Hampson
t668-bD54-slC2,OP21CH,Christy Hampson
t44C-b5DE-slBE,OP9CB,Chuck Bozeman
t44C-b5DE-slBF,OP9CB,Chuck Bozeman
t44C-b5DE-slC1,OP9CB,Chuck Bozeman
t44C-b5DE-slC2,OP9CB,Chuck Bozeman
t44C-b5DE-slBC,OP9CB,Chuck Bozeman
t6A4-b1FA5-slBE,OP5CJ,Cindy Jones
t6A4-bC1C-slBE,OP5CJ,Cindy Jones
t6A4-bC1C-slBF,OP5CJ,Cindy Jones
t6A4-b1FA5-slC1,OP5CJ,Cindy Jones
t6A4-bC1C-slC1,OP5CJ,Cindy Jones
t6A4-bC1C-slC2,OP5CJ,Cindy Jones
t357-bCE5-slBF,OP69CD,Cody Durken
t357-bCE5-slBC,OP69CD,Cody Durken
t4BA-b3E9-slBE,OP27CT,Cody Tree
t4BA-b3E9-slBF,OP27CT,Cody Tree
t4BA-b3E9-slC1,OP27CT,Cody Tree
t4BA-b3E9-slC2,OP27CT,Cody Tree
t4BA-b3E9-slBC,OP27CT,Cody Tree
t596-bD49-slBE,OP84CP,Colin Peterson
t596-bD49-slBF,OP84CP,Colin Peterson
t596-bD49-slC1,OP84CP,Colin Peterson
t596-bD49-slC2,OP84CP,Colin Peterson
t596-bD49-slBC,OP84CP,Colin Peterson
t58C-b44D-slBE,OP83CH,Conner Haywood
t58C-b44D-slBF,OP83CH,Conner Haywood
t58C-b44D-slC1,OP83CH,Conner Haywood
t58C-b44D-slC2,OP83CH,Conner Haywood
t58C-b44D-slBC,OP83CH,Conner Haywood
t320-bA8D-slBE,OP28CF,Cordale Flott
t320-bA8D-slBF,OP28CF,Cordale Flott
t44C-b5DD-slBE,OP8CW,Cordell Waltman
t44C-b5DD-slBF,OP8CW,Cordell Waltman
t44C-b5DD-slC1,OP8CW,Cordell Waltman
t44C-b5DD-slC2,OP8CW,Cordell Waltman
t44C-b5DD-slBC,OP8CW,Cordell Waltman
t4D8-b3E9-slBE,OP46CK,Cris Kunzt
t4D8-b3E9-slBF,OP46CK,Cris Kunzt
t4D8-b3E9-slC1,OP46CK,Cris Kunzt
t4D8-b3E9-slC2,OP46CK,Cris Kunzt
t4D8-b3E9-slBC,OP46CK,Cris Kunzt
t6B3-b5DF-slBE,OP55CH,Cynthia Holcome
t6B3-b5DF-slBF,OP55CH,Cynthia Holcome
t6B3-b5DF-slC1,OP55CH,Cynthia Holcome
t6B3-b5DF-slC2,OP55CH,Cynthia Holcome
t64A-bC1C-slBE,OP72DN,Dale Nestin
t64A-bD53-slBF,OP72DN,Dale Nestin
t64A-bC1C-slBF,OP72DN,Dale Nestin
t64A-bD53-slC1,OP72DN,Dale Nestin
t64A-bC1C-slC1,OP72DN,Dale Nestin
t64A-bC1C-slC2,OP72DN,Dale Nestin
t4B0-b5DD-slBE,OP23DK,Damon Karst
t4B0-b5DD-slBF,OP23DK,Damon Karst
t4B0-b5DD-slC1,OP23DK,Damon Karst
t4B0-b5DD-slC2,OP23DK,Damon Karst
t4B0-b5DD-slBC,OP23DK,Damon Karst
t320-b5DD-slBE,OP24DB,Dane Belton
t320-b5DD-slBF,OP24DB,Dane Belton
t320-b5DD-slC1,OP24DB,Dane Belton
t320-b5DD-slC2,OP24DB,Dane Belton
t320-b5DD-slBC,OP24DB,Dane Belton
t2C6-bC1C-slBE,OP82DB,Daniel Bellinger
t2C6-bC1C-slBF,OP82DB,Daniel Bellinger
t2C6-bC1C-slC1,OP82DB,Daniel Bellinger
t2C6-bC1C-slC2,OP82DB,Daniel Bellinger
t2C6-bC1C-slBC,OP82DB,Daniel Bellinger
t320-b76C-slBE,OP25DM,Dante Miller
t320-b76C-slBF,OP25DM,Dante Miller
t320-b76C-slC1,OP25DM,Dante Miller
t320-b76C-slC2,OP25DM,Dante Miller
t320-b76C-slBC,OP25DM,Dante Miller
t285-bC1C-slBE,OP53DM,Darius Muasau
t285-bC1C-slBF,OP53DM,Darius Muasau
t285-bC1C-slC1,OP53DM,Darius Muasau
t285-bC1C-slC2,OP53DM,Darius Muasau
t285-bC1C-slBC,OP53DM,Darius Muasau
t217-b76C-slBE,OP86DS,Darius Slayton
t217-b76C-slBF,OP86DS,Darius Slayton
t217-b76C-slC1,OP86DS,Darius Slayton
t217-b76C-slC2,OP86DS,Darius Slayton
t217-b76C-slBC,OP86DS,Darius Slayton
t582-bA8D-slBE,OP80DW,Darius Wilmington
t582-bA8D-slBF,OP80DW,Darius Wilmington
t582-bA8D-slC1,OP80DW,Darius Wilmington
t582-bA8D-slC2,OP80DW,Darius Wilmington
t582-bA8D-slBC,OP80DW,Darius Wilmington
t6A9-b7D1-slBE,OP33DP,Darlene Pearl
t6A9-b7D1-slBF,OP33DP,Darlene Pearl
t6A9-b7D1-slC1,OP33DP,Darlene Pearl
t6A9-b7D1-slC2,OP33DP,Darlene Pearl
t4B5-b7D2-slBE,OP26DJ,Dash Jorman
t4B5-b7D2-slBF,OP26DJ,Dash Jorman
t4B5-b7D2-slC1,OP26DJ,Dash Jorman
t4B5-b7D2-slC2,OP26DJ,Dash Jorman
t4B5-b7D2-slBC,OP26DJ,Dash Jorman
t32F-bD49-slBE,OP39DW,David Wilson
t32F-bD49-slBF,OP39DW,David Wilson
t334-b1FA5-slC1,OP39DW,David Wilson
t32F-bD49-slC1,OP39DW,David Wilson
t32F-bD49-slC2,OP39DW,David Wilson
t32F-bD49-slBC,OP39DW,David Wilson
t5DC-b5DF-slBE,OP94DL,Deane Lorry
t5DC-b5DF-slBF,OP94DL,Deane Lorry
t5DC-b5DF-slC1,OP94DL,Deane Lorry
t5DC-b5DF-slC2,OP94DL,Deane Lorry
t5DC-b5DF-slBC,OP94DL,Deane Lorry
t4B3-bA8D-slBE,OP25DE,Declan Ellison
t4B3-bA8D-slBF,OP25DE,Declan Ellison
t4B3-bA8D-slC1,OP25DE,Declan Ellison
t4B3-bA8D-slC2,OP25DE,Declan Ellison
t4B3-bA8D-slBC,OP25DE,Declan Ellison
t321-bCE5-slBF,OP33DW,Dee Williams
t320-bD54-slBF,OP33DW,Dee Williams
t320-bD54-slC1,OP33DW,Dee Williams
t321-bCE5-slBC,OP33DW,Dee Williams
t3A2-bD49-slBE,OP98DD,Deejay Davison
t3A2-bD49-slBF,OP98DD,Deejay Davison
t3A2-bD49-slC1,OP98DD,Deejay Davison
t3A2-bD49-slC2,OP98DD,Deejay Davison
t3A2-bD49-slBC,OP98DD,Deejay Davison
t6A4-bCE6-slBE,OP98DL,Deena Larimer
t6A4-bCE6-slBF,OP98DL,Deena Larimer
t6A4-bCE6-slC1,OP98DL,Deena Larimer
t6A4-bCE6-slC2,OP98DL,Deena Larimer
t3E8-bD49-slBE,OP97DL,Dennis Larrison
t3E8-bD49-slBF,OP97DL,Dennis Larrison
t3E8-bD49-slC1,OP97DL,Dennis Larrison
t3E8-bD49-slC2,OP97DL,Dennis Larrison
t3E8-bD49-slBC,OP97DL,Dennis Larrison
t258-b5DD-slBE,OP3DB,Deonte Banks
t258-b5DD-slBF,OP3DB,Deonte Banks
t258-b5DD-slC1,OP3DB,Deonte Banks
t258-b5DD-slC2,OP3DB,Deonte Banks
t258-b5DD-slBC,OP3DB,Deonte Banks
t5FF-b76D-slBE,OP5DJ,Deshaun James
t604-b3E9-slBE,OP5DJ,Deshaun James
t5FF-b76D-slBF,OP5DJ,Deshaun James
t604-b3E9-slBF,OP5DJ,Deshaun James
t5FF-b76D-slC1,OP5DJ,Deshaun James
t604-b3E9-slC1,OP5DJ,Deshaun James
t5FF-b76D-slC2,OP5DJ,Deshaun James
t604-b3E9-slC2,OP5DJ,Deshaun James
t5FF-b76D-slBC,OP5DJ,Deshaun James
t221-bB55-slBE,OP26DS,Devin Singletary
t221-bB55-slBF,OP26DS,Devin Singletary
t221-bB55-slC1,OP26DS,Devin Singletary
t221-bB55-slC2,OP26DS,Devin Singletary
t221-bB55-slBC,OP26DS,Devin Singletary
t5FA-b138A-slBE,OP40DH,Devon Harter
t5FA-b5DF-slBE,OP40DH,Devon Harter
t5FA-b5DF-slBF,OP40DH,Devon Harter
t5FA-b138A-slBF,OP40DH,Devon Harter
t5FA-b138A-slC1,OP40DH,Devon Harter
t5FA-b5DF-slC1,OP40DH,Devon Harter
t5FA-b138A-slC2,OP40DH,Devon Harter
t5FA-b5DF-slC2,OP40DH,Devon Harter
t5FA-b138A-slBC,OP40DH,Devon Harter
t5F0-bC81-slBE,OP60DC,Dillon Cookes
t5F3-b1FA5-slBE,OP60DC,Dillon Cookes
t5F0-bC81-slBF,OP60DC,Dillon Cookes
t5F0-bC81-slC1,OP60DC,Dillon Cookes
t5F3-b1FA5-slC1,OP60DC,Dillon Cookes
t5F0-bC81-slC2,OP60DC,Dillon Cookes
t5F0-bC81-slBC,OP60DC,Dillon Cookes
t5F5-bC1C-slBE,OP69DD,Dominic Davison
t5F5-bC1C-slBF,OP69DD,Dominic Davison
t5F5-bD54-slBF,OP69DD,Dominic Davison
t5F5-bD54-slC1,OP69DD,Dominic Davison
t5F5-bC1C-slC1,OP69DD,Dominic Davison
t5F5-bD54-slC2,OP69DD,Dominic Davison
t5F5-bC1C-slC2,OP69DD,Dominic Davison
t5F5-bC1C-slBC,OP69DD,Dominic Davison
t541-b44D-slBE,OP65DM,Don Moreland
t541-b44D-slBF,OP65DM,Don Moreland
t541-b44D-slC1,OP65DM,Don Moreland
t541-b44D-slC2,OP65DM,Don Moreland
t541-b44D-slBC,OP65DM,Don Moreland
t22B-bC1C-slBE,OP2DL,Drew Lock
t22B-bC1C-slBF,OP2DL,Drew Lock
t22B-bC1C-slC1,OP2DL,Drew Lock
t22B-bC1C-slC2,OP2DL,Drew Lock
t22B-bC1C-slBC,OP2DL,Drew Lock
t33E-bA8D-slBE,OP54DJ,Dyonta Jonson
t33E-bA8D-slBF,OP54DJ,Dyonta Jonson
t33E-bA8D-slC1,OP54DJ,Dyonta Jonson
t33E-bA8D-slC2,OP54DJ,Dyonta Jonson
t33E-bA8D-slBC,OP54DJ,Dyonta Jonson
t640-b5DF-slBE,OP53EL,Ed Liotta
t640-b5DF-slBF,OP53EL,Ed Liotta
t640-b5DF-slC1,OP53EL,Ed Liotta
t640-b5DF-slC2,OP53EL,Ed Liotta
t406-b7D2-slBE,OP34ER,Edward Raymond
t406-b7D2-slBF,OP34ER,Edward Raymond
t406-b7D2-slC1,OP34ER,Edward Raymond
t406-b7D2-slC2,OP34ER,Edward Raymond
t406-b7D2-slBC,OP34ER,Edward Raymond
t389-bC81-slBE,OP90EG,Eli Gomez
t389-bC81-slBF,OP90EG,Eli Gomez
t389-bC81-slC1,OP90EG,Eli Gomez
t389-bC81-slC2,OP90EG,Eli Gomez
t389-bC81-slBC,OP90EG,Eli Gomez
t280-b3E9-slBE,OP94EC,Elijah Chatman
t280-b3E9-slBF,OP94EC,Elijah Chatman
t280-b3E9-slC1,OP94EC,Elijah Chatman
t280-b3E9-slC2,OP94EC,Elijah Chatman
t280-b3E9-slBC,OP94EC,Elijah Chatman
t708-b76D-slBE,OP05EF,Elle Falkner
t708-b76D-slBF,OP05EF,Elle Falkner
t708-b76D-slC1,OP05EF,Elle Falkner
t708-b76D-slC2,OP05EF,Elle Falkner
t4DD-b44D-slBE,OP50ER,Ellis Roberson
t4DD-b44D-slBF,OP50ER,Ellis Roberson
t4DD-b44D-slC1,OP50ER,Ellis Roberson
t4DD-b44D-slC2,OP50ER,Ellis Roberson
t4DD-b44D-slBC,OP50ER,Ellis Roberson
t2E9-bC81-slBE,OP20EG,Eric Gray
t2E9-bC81-slBF,OP20EG,Eric Gray
t2E9-bC81-slC1,OP20EG,Eric Gray
t2E9-bC81-slC2,OP20EG,Eric Gray
t2E9-bC81-slBC,OP20EG,Eric Gray
t5FA-b9F7-slBE,OP101EH,Eric Hall
t5FA-b9F7-slBF,OP101EH,Eric Hall
t5FA-b9F7-slC1,OP101EH,Eric Hall
t5FA-b9F7-slC2,OP101EH,Eric Hall
t5FA-b9F7-slBC,OP101EH,Eric Hall
t26C-bC1C-slBE,OP72EN,Evan Neal
t26C-bC1C-slBF,OP72EN,Evan Neal
t26C-bC1C-slC1,OP72EN,Evan Neal
t26C-bC1C-slC2,OP72EN,Evan Neal
t26C-bC1C-slBC,OP72EN,Evan Neal
t35A-bAF1-slBE,OP74GV,George Von Raten
t35A-bAF1-slBF,OP74GV,George Von Raten
t35A-bAF1-slC1,OP74GV,George Von Raten
t35A-bAF1-slC2,OP74GV,George Von Raten
t35A-bAF1-slBC,OP74GV,George Von Raten
t2C6-bAF1-slBE,OP9GG,Graham Gano
t2C6-bAF1-slBF,OP9GG,Graham Gano
t2C6-bAF1-slC1,OP9GG,Graham Gano
t2C6-bAF1-slC2,OP9GG,Graham Gano
t2C6-bAF1-slBC,OP9GG,Graham Gano
t277-bCE5-slBE,OP89GD,Greg Dulcich
t277-bCE5-slBF,OP89GD,Greg Dulcich
t277-bCE5-slC1,OP89GD,Greg Dulcich
t280-b1FA5-slC1,OP89GD,Greg Dulcich
t277-bCE5-slC2,OP89GD,Greg Dulcich
t277-bCE5-slBC,OP89GD,Greg Dulcich
t320-bC1C-slBE,OP30GS,Greg Stroman
t320-bC1C-slBF,OP30GS,Greg Stroman
t320-bC1C-slC1,OP30GS,Greg Stroman
t320-bC1C-slC2,OP30GS,Greg Stroman
t320-bC1C-slBC,OP30GS,Greg Stroman
t406-b5DE-slBE,OP80GO,Gunnar Olzewsky
t406-b5DE-slBF,OP80GO,Gunnar Olzewsky
t406-b5DE-slC1,OP80GO,Gunnar Olzewsky
t406-b5DE-slC2,OP80GO,Gunnar Olzewsky
t406-b5DE-slBC,OP80GO,Gunnar Olzewsky
t45B-bD49-slBE,OP14GP,Gus Peckton
t45B-bD49-slBF,OP14GP,Gus Peckton
t45B-bD49-slC1,OP14GP,Gus Peckton
t45B-bD49-slC2,OP14GP,Gus Peckton
t45B-bD49-slBC,OP14GP,Gus Peckton
t2E4-b3E9-slBE,OP87ISM,Ihmir Smith-Marsette
t2E4-b3E9-slBF,OP87ISM,Ihmir Smith-Marsette
t2E4-b3E9-slC1,OP87ISM,Ihmir Smith-Marsette
t2E4-b3E9-slC2,OP87ISM,Ihmir Smith-Marsette
t2E4-b3E9-slBC,OP87ISM,Ihmir Smith-Marsette
t578-b138A-slBE,OP73IS,Ike Suemali
t578-b138A-slBF,OP73IS,Ike Suemali
t578-b138A-slC1,OP73IS,Ike Suemali
t578-b138A-slC2,OP73IS,Ike Suemali
t578-b138A-slBC,OP73IS,Ike Suemali
t712-b3E9-slBE,OP02IW,Isabelle Wilson
t712-b3E9-slBF,OP02IW,Isabelle Wilson
t712-b3E9-slC1,OP02IW,Isabelle Wilson
t712-b3E9-slC2,OP02IW,Isabelle Wilson
t5A5-bC1C-slBE,OP92IL,Izzy Loudmilk
t5A5-bC1C-slBF,OP92IL,Izzy Loudmilk
t5A5-bC1C-slC1,OP92IL,Izzy Loudmilk
t5A5-bC1C-slC2,OP92IL,Izzy Loudmilk
t5A5-bC1C-slBC,OP92IL,Izzy Loudmilk
t34D-b44D-slBE,OP63JK,Jack Kobus
t34D-b44D-slBF,OP63JK,Jack Kobus
t34D-b44D-slC1,OP63JK,Jack Kobus
t34D-b44D-slC2,OP63JK,Jack Kobus
t34D-b44D-slBC,OP63JK,Jack Kobus
t3A2-b138A-slBE,OP99JM,Jade McClarney
t3A2-b138A-slBF,OP99JM,Jade McClarney
t3A2-b138A-slC1,OP99JM,Jade McClarney
t3A2-b138A-slC2,OP99JM,Jade McClarney
t3A2-b138A-slBC,OP99JM,Jade McClarney
t65E-bAF2-slBE,OP35JW,Jake Welder
t65E-bAF2-slBF,OP35JW,Jake Welder
t65E-bAF2-slC1,OP35JW,Jake Welder
t65E-bAF2-slC2,OP35JW,Jake Welder
t3A2-b5DD-slBE,OP67JM,James Morley
t3A2-b5DD-slBF,OP67JM,James Morley
t3A2-b5DD-slC1,OP67JM,James Morley
t3A2-b5DD-slC2,OP67JM,James Morley
t3A2-b5DD-slBC,OP67JM,James Morley
t4BA-bBB9-slBE,OP30JW,Jameson Wembley
t4BA-bBB9-slBF,OP30JW,Jameson Wembley
t4BA-bBB9-slC2,OP30JW,Jameson Wembley
t4BA-bBB9-slBC,OP30JW,Jameson Wembley
t2EC-bAF1-slBE,OP6JG,Jamie Gillan
t2EC-bAF1-slBF,OP6JG,Jamie Gillan
t2EC-bAF1-slC1,OP6JG,Jamie Gillan
t2EC-bAF1-slC2,OP6JG,Jamie Gillan
t2EC-bAF1-slBC,OP6JG,Jamie Gillan
t668-b3E9-slBE,OP78JD,Janet Danielson
t668-b3E9-slBF,OP78JD,Janet Danielson
t668-b3E9-slC1,OP78JD,Janet Danielson
t668-b3E9-slC2,OP78JD,Janet Danielson
t320-b9F7-slBE,OP27JP,Jason Pinnock
t320-b9F7-slBF,OP27JP,Jason Pinnock
t320-b9F7-slC1,OP27JP,Jason Pinnock
t320-b9F7-slC2,OP27JP,Jason Pinnock
t320-b9F7-slBC,OP27JP,Jason Pinnock
t410-b3E9-slBE,OP2JF,Jaxon Fiers
t410-b3E9-slBF,OP2JF,Jaxon Fiers
t410-b3E9-slC1,OP2JF,Jaxon Fiers
t410-b3E9-slC2,OP2JF,Jaxon Fiers
t410-b3E9-slBC,OP2JF,Jaxon Fiers
t4D8-b9F7-slBE,OP49JM,Jeremy Mann
t4D8-b9F7-slBF,OP49JM,Jeremy Mann
t4D8-b9F7-slC1,OP49JM,Jeremy Mann
t4D8-b9F7-slC2,OP49JM,Jeremy Mann
t4D8-b9F7-slBC,OP49JM,Jeremy Mann
t2C6-b3E9-slBE,OP72JE,Jermaine Eluemunor
t2C6-b3E9-slBF,OP72JE,Jermaine Eluemunor
t2C6-b3E9-slC1,OP72JE,Jermaine Eluemunor
t2C6-b3E9-slC2,OP72JE,Jermaine Eluemunor
t2C6-b3E9-slBC,OP72JE,Jermaine Eluemunor
t4CE-bD49-slBE,OP42JP,Jim Pierson
t4CE-bD49-slBF,OP42JP,Jim Pierson
t4CE-bD49-slC1,OP42JP,Jim Pierson
t4CE-bD49-slC2,OP42JP,Jim Pierson
t4CE-bD49-slBC,OP42JP,Jim Pierson
t4B0-bD49-slBE,OP24JP,John Partridge
t4B0-bD53-slBF,OP24JP,John Partridge
t4B0-bD49-slBF,OP24JP,John Partridge
t4B0-bD53-slC1,OP24JP,John Partridge
t4B0-bD49-slC1,OP24JP,John Partridge
t4B0-bD53-slC2,OP24JP,John Partridge
t4B0-bD49-slC2,OP24JP,John Partridge
t4B0-bD49-slBC,OP24JP,John Partridge
t2E9-b44D-slBE,OP76JR,Jon Runyan
t2E9-b44D-slBF,OP76JR,Jon Runyan
t2E9-b44D-slC1,OP76JR,Jon Runyan
t2E9-b44D-slC2,OP76JR,Jon Runyan
t2E9-b44D-slBC,OP76JR,Jon Runyan
t348-b3E9-slBE,OP61JS,Jon Smiths
t348-bD53-slBF,OP61JS,Jon Smiths
t348-b3E9-slBF,OP61JS,Jon Smiths
t348-bD53-slC1,OP61JS,Jon Smiths
t348-b3E9-slC1,OP61JS,Jon Smiths
t348-bD53-slC2,OP61JS,Jon Smiths
t348-b3E9-slC2,OP61JS,Jon Smiths
t348-b3E9-slBC,OP61JS,Jon Smiths
t38E-b9F7-slBE,OP95JR,Jordan Rylee
t38E-bD54-slBF,OP95JR,Jordan Rylee
t38E-b9F7-slBF,OP95JR,Jordan Rylee
t38E-bD54-slC1,OP95JR,Jordan Rylee
t38E-b9F7-slC1,OP95JR,Jordan Rylee
t38E-bD54-slC2,OP95JR,Jordan Rylee
t38E-b9F7-slC2,OP95JR,Jordan Rylee
t38E-b9F7-slBC,OP95JR,Jordan Rylee
t65E-b5DF-slBE,OP79JS,Jorge Spader
t65E-b5DF-slBF,OP79JS,Jorge Spader
t65E-b5DF-slC1,OP79JS,Jorge Spader
t65E-b5DF-slC2,OP79JS,Jorge Spader
t5F0-b44D-slBE,OP100JB,Josh Bloodgood
t5F0-b44D-slBF,OP100JB,Josh Bloodgood
t5F0-b44D-slC1,OP100JB,Josh Bloodgood
t5F0-b44D-slC2,OP100JB,Josh Bloodgood
t5F0-b44D-slBC,OP100JB,Josh Bloodgood
t384-b5DD-slBE,OP75JE,Josue Ezduea
t384-b5DD-slBF,OP75JE,Josue Ezduea
t384-b5DD-slC1,OP75JE,Josue Ezduea
t384-b5DD-slC2,OP75JE,Josue Ezduea
t384-b5DD-slBC,OP75JE,Josue Ezduea
t663-bC1C-slBE,OP45JW,Jules Welshoff
t663-bC1C-slBF,OP45JW,Jules Welshoff
t663-bC1C-slC1,OP45JW,Jules Welshoff
t663-bC1C-slC2,OP45JW,Jules Welshoff
t276-b1389-slBE,OP5KT,Kavyon Thibodeuax
t276-b1389-slBF,OP5KT,Kavyon Thibodeuax
t276-b1389-slC1,OP5KT,Kavyon Thibodeuax
t276-b1389-slC2,OP5KT,Kavyon Thibodeuax
t276-b1389-slBC,OP5KT,Kavyon Thibodeuax
t5DC-bA8D-slBE,OP95KB,Keanu Benson
t5DC-bA8D-slBF,OP95KB,Keanu Benson
t5DC-bA8D-slC1,OP95KB,Keanu Benson
t5DC-bA8D-slC2,OP95KB,Keanu Benson
t5DC-bA8D-slBC,OP95KB,Keanu Benson
t415-bD49-slBE,OP4KA,Kris Allens
t41A-bD53-slBF,OP4KA,Kris Allens
t415-bD49-slBF,OP4KA,Kris Allens
t41A-bD53-slC1,OP4KA,Kris Allens
t415-bD49-slC1,OP4KA,Kris Allens
t41A-bD53-slC2,OP4KA,Kris Allens
t415-bD49-slC2,OP4KA,Kris Allens
t415-bD49-slBC,OP4KA,Kris Allens
t64A-b3E9-slBE,OP104KM,Kyle Michelson
t64A-b3E9-slBF,OP104KM,Kyle Michelson
t64A-b3E9-slC1,OP104KM,Kyle Michelson
t64A-b3E9-slC2,OP104KM,Kyle Michelson
t5E6-b3E9-slBE,OP99LO,Ladd Ojungoba
t5E6-b3E9-slBF,OP99LO,Ladd Ojungoba
t5E1-bCE6-slBF,OP99LO,Ladd Ojungoba
t5E6-b3E9-slC1,OP99LO,Ladd Ojungoba
t5E6-b3E9-slC2,OP99LO,Ladd Ojungoba
t5E6-b3E9-slBC,OP99LO,Ladd Ojungoba
t5E1-bCE6-slBC,OP99LO,Ladd Ojungoba
t645-bA8D-slBE,OP82LM,Lars McColley
t645-bA8D-slBF,OP82LM,Lars McColley
t645-bA8D-slC1,OP82LM,Lars McColley
t645-bA8D-slC2,OP82LM,Lars McColley
t6A4-bD49-slBE,OP61LL,Lisa Leed
t6A4-bD49-slBF,OP61LL,Lisa Leed
t6A4-bD49-slC1,OP61LL,Lisa Leed
t6A4-bD49-slC2,OP61LL,Lisa Leed
t5AA-b7D1-slBE,OP93MR,Mac Robertson
t5AA-b7D1-slBF,OP93MR,Mac Robertson
t5AA-b7D1-slC1,OP93MR,Mac Robertson
t5AA-b7D1-slC2,OP93MR,Mac Robertson
t5AA-b7D1-slBC,OP93MR,Mac Robertson
t53C-b3E9-slBE,OP64MS,Mac Sharpin
t53C-b3E9-slBF,OP64MS,Mac Sharpin
t53C-b3E9-slC1,OP64MS,Mac Sharpin
t53C-b3E9-slC2,OP64MS,Mac Sharpin
t53C-b3E9-slBC,OP64MS,Mac Sharpin
t717-bD49-slBE,OP03MK,Maddy Kimbua
t717-bD49-slBF,OP03MK,Maddy Kimbua
t735-bD49-slBF,OP03MK,Maddy Kimbua
t717-bD49-slC1,OP03MK,Maddy Kimbua
t717-bD49-slC2,OP03MK,Maddy Kimbua
t208-b7D2-slBE,OP1MN,Malik Nabers
t208-b7D2-slBF,OP1MN,Malik Nabers
t208-b7D2-slC1,OP1MN,Malik Nabers
t208-b7D2-slC2,OP1MN,Malik Nabers
t208-b7D2-slBC,OP1MN,Malik Nabers
t6BD-bC1C-slBE,OP91MG,Margaret Goldeen
t6BD-bC1C-slBF,OP91MG,Margaret Goldeen
t6BD-bC1C-slC1,OP91MG,Margaret Goldeen
t6BD-bC1C-slC2,OP91MG,Margaret Goldeen
t460-bAF1-slBE,OP18MW,Mark Wilson
t460-bD54-slBF,OP18MW,Mark Wilson
t460-bAF1-slBF,OP18MW,Mark Wilson
t460-bD54-slC1,OP18MW,Mark Wilson
t460-bAF1-slC1,OP18MW,Mark Wilson
t460-bD54-slC2,OP18MW,Mark Wilson
t460-bAF1-slC2,OP18MW,Mark Wilson
t460-bAF1-slBC,OP18MW,Mark Wilson
t717-bC1C-slBE,OP00MB,Mary Banks
t717-bC1C-slBF,OP00MB,Mary Banks
t717-bC1C-slC1,OP00MB,Mary Banks
t717-bC1C-slC2,OP00MB,Mary Banks
t541-bBB9-slBE,OP66MM,Mason McCormik
t541-bBB9-slBF,OP66MM,Mason McCormik
t541-bBB9-slC2,OP66MM,Mason McCormik
t541-bBB9-slBC,OP66MM,Mason McCormik
t276-b7D2-slBE,OP41MM,Micah McFadden
t276-bBBA-slBE,OP41MM,Micah McFadden
t276-b7D2-slBF,OP41MM,Micah McFadden
t276-bBBA-slBF,OP41MM,Micah McFadden
t276-b7D2-slC1,OP41MM,Micah McFadden
t276-bBBA-slC1,OP41MM,Micah McFadden
t276-b7D2-slC2,OP41MM,Micah McFadden
t276-bBBA-slC2,OP41MM,Micah McFadden
t276-b7D2-slBC,OP41MM,Micah McFadden
t276-bBBA-slBC,OP41MM,Micah McFadden
t4CE-b138A-slBE,OP39MF,Mike Fitzgerald
t4CE-b138A-slBF,OP39MF,Mike Fitzgerald
t4CE-b138A-slC1,OP39MF,Mike Fitzgerald
t4CE-b138A-slC2,OP39MF,Mike Fitzgerald
t4CE-b138A-slBC,OP39MF,Mike Fitzgerald
t583-bCE6-slBF,OPMC189,Mikel Proehl
t583-bCE6-slBF,OPMC190,Mikel Proehl
t583-bCE6-slBF,OPMC191,Mikel Proehl
t583-bCE6-slBF,OPMC192,Mikel Proehl
t583-bCE6-slBF,OPMC193,Mikel Proehl
t583-bCE6-slBF,OPMC194,Mikel Proehl
t583-bCE6-slBF,OPMC195,Mikel Proehl
t583-bCE6-slBF,OPMC196,Mikel Proehl
t583-bCE6-slBF,OPMC197,Mikel Proehl
t583-bCE6-slBF,OPMC198,Mikel Proehl
t583-bCE6-slBF,OPMC199,Mikel Proehl
t583-bCE6-slBF,OPMC200,Mikel Proehl
t583-bCE6-slBF,OPMC201,Mikel Proehl
t583-bCE6-slBF,OPMC202,Mikel Proehl
t583-bCE6-slBF,OPMC203,Mikel Proehl
t583-bCE6-slBF,OPMC204,Mikel Proehl
t583-bCE6-slBF,OPMC205,Mikel Proehl
t583-bCE6-slBF,OPMC206,Mikel Proehl
t583-bCE6-slBF,OPMC207,Mikel Proehl
t583-bCE6-slBF,OPMC208,Mikel Proehl
t583-bCE6-slBF,OPMC209,Mikel Proehl
t583-bCE6-slBF,OPMC210,Mikel Proehl
t583-bCE6-slBF,OPMC211,Mikel Proehl
t583-bCE6-slBF,OPMC212,Mikel Proehl
t583-bCE6-slBF,OPMC213,Mikel Proehl
t583-bCE6-slBF,OPMC214,Mikel Proehl
t583-bCE6-slBF,OPMC215,Mikel Proehl
t583-bCE6-slBF,OPMC216,Mikel Proehl
t583-bCE6-slBF,OPMC217,Mikel Proehl
t583-bCE6-slBF,OPMC218,Mikel Proehl
t583-bCE6-slBF,OPMC219,Mikel Proehl
t583-bCE6-slBF,OPMC220,Mikel Proehl
t583-bCE6-slBF,OPMC221,Mikel Proehl
t583-bCE6-slBF,OPMC222,Mikel Proehl
t583-bCE6-slBF,OPMC223,Mikel Proehl
t583-bCE6-slBF,OPMC224,Mikel Proehl
t583-bCE6-slBF,OPMC225,Mikel Proehl
t583-bCE6-slBF,OPMC226,Mikel Proehl
t583-bCE6-slBF,OPMC227,Mikel Proehl
t583-bCE6-slBF,OPMC228,Mikel Proehl
t583-bCE6-slBF,OPMC229,Mikel Proehl
t583-bCE6-slBF,OPMC230,Mikel Proehl
t583-bCE6-slBF,OPMC231,Mikel Proehl
t583-bCE6-slBF,OPMC232,Mikel Proehl
t583-bCE6-slBF,OPMC233,Mikel Proehl
t583-bCE6-slBF,OPMC234,Mikel Proehl
t583-bCE6-slBF,OPMC235,Mikel Proehl
t583-bCE6-slBF,OPMC236,Mikel Proehl
t583-bCE6-slBF,OPMC237,Mikel Proehl
t583-bCE6-slBF,OPMC238,Mikel Proehl
t583-bCE6-slBF,OPMC239,Mikel Proehl
t583-bCE6-slBF,OPMC240,Mikel Proehl
t583-bCE6-slBF,OPMC241,Mikel Proehl
t583-bCE6-slBF,OPMC242,Mikel Proehl
t583-bCE6-slBF,OPMC243,Mikel Proehl
t583-bCE6-slBF,OPMC244,Mikel Proehl
t583-bCE6-slBF,OPMC245,Mikel Proehl
t583-bCE6-slBF,OPMC246,Mikel Proehl
t583-bCE6-slBF,OPMC247,Mikel Proehl
t583-bCE6-slBF,OPMC248,Mikel Proehl
t583-bCE6-slBF,OPMC249,Mikel Proehl
t583-bCE6-slBF,OPMC250,Mikel Proehl
t583-bCE6-slBF,OPMC251,Mikel Proehl
t583-bCE6-slBF,OPMC252,Mikel Proehl
t583-bCE6-slBF,OPMC253,Mikel Proehl
t583-bCE6-slBF,OPMC254,Mikel Proehl
t583-bCE6-slBF,OPMC255,Mikel Proehl
t583-bCE6-slBF,OPMC256,Mikel Proehl
t583-bCE6-slBF,OPMC257,Mikel Proehl
t583-bCE6-slBF,OPMC258,Mikel Proehl
t583-bCE6-slBF,OPMC259,Mikel Proehl
t583-bCE6-slBF,OPMC260,Mikel Proehl
t583-bCE6-slBF,OPMC261,Mikel Proehl
t583-bCE6-slBF,OPMC262,Mikel Proehl
t583-bCE6-slBF,OPMC263,Mikel Proehl
t583-bCE6-slBF,OPMC264,Mikel Proehl
t583-bCE6-slBF,OPMC265,Mikel Proehl
t583-bCE6-slBF,OPMC266,Mikel Proehl
t583-bCE6-slBF,OPMC267,Mikel Proehl
t583-bCE6-slBF,OPMC268,Mikel Proehl
t583-bCE6-slBF,OPMC269,Mikel Proehl
t583-bCE6-slBF,OPMC270,Mikel Proehl
t583-bCE6-slBF,OPMC271,Mikel Proehl
t583-bCE6-slBF,OPMC272,Mikel Proehl
t583-bCE6-slBF,OPMC273,Mikel Proehl
t583-bCE6-slBF,OPMC274,Mikel Proehl
t583-bCE6-slBF,OPMC275,Mikel Proehl
t583-bCE6-slBF,OPMC276,Mikel Proehl
t583-bCE6-slBF,OPMC277,Mikel Proehl
t583-bCE6-slBF,OPMC278,Mikel Proehl
t583-bCE6-slBF,OPMC279,Mikel Proehl
t583-bCE6-slBF,OPMC280,Mikel Proehl
t583-bCE6-slBF,OPMC281,Mikel Proehl
t583-bCE6-slBF,OPMC282,Mikel Proehl
t583-bCE6-slBF,OPMC283,Mikel Proehl
t583-bCE6-slBF,OPMC284,Mikel Proehl
t583-bCE6-slBF,OPMC285,Mikel Proehl
t583-bCE6-slBF,OPMC286,Mikel Proehl
t583-bCE6-slBF,OPMC287,Mikel Proehl
t583-bCE6-slBF,OPMC288,Mikel Proehl
t583-bCE6-slBF,OPMC289,Mikel Proehl
t583-bCE6-slBF,OPMC290,Mikel Proehl
t583-bCE6-slBF,OPMC291,Mikel Proehl
t583-bCE6-slBF,OPMC292,Mikel Proehl
t583-bCE6-slBF,OPMC293,Mikel Proehl
t583-bCE6-slBF,OPMC294,Mikel Proehl
t583-bCE6-slBF,OPMC295,Mikel Proehl
t583-bCE6-slBF,OPMC296,Mikel Proehl
t583-bCE6-slBF,OPMC297,Mikel Proehl
t583-bCE6-slBF,OPMC298,Mikel Proehl
t583-bCE6-slBF,OPMC299,Mikel Proehl
t583-bCE6-slBF,OPMC300,Mikel Proehl
t583-bCE6-slBF,OPMC301,Mikel Proehl
t583-bCE6-slBF,OPMC302,Mikel Proehl
t583-bCE6-slBF,OPMC303,Mikel Proehl
t583-bCE6-slBF,OPMC304,Mikel Proehl
t583-bCE6-slBF,OPMC305,Mikel Proehl
t583-bCE6-slBF,OPMC306,Mikel Proehl
t583-bCE6-slBF,OPMC307,Mikel Proehl
t583-bCE6-slBF,OPMC308,Mikel Proehl
t583-bCE6-slBF,OPMC309,Mikel Proehl
t583-bCE6-slBF,OPMC310,Mikel Proehl
t583-bCE6-slBF,OPMC311,Mikel Proehl
t583-bCE6-slBF,OPMC312,Mikel Proehl
t583-bCE6-slBF,OPMC313,Mikel Proehl
t583-bCE6-slBF,OPMC314,Mikel Proehl
t583-bCE6-slBF,OPMC315,Mikel Proehl
t583-bCE6-slBF,OPMC316,Mikel Proehl
t583-bCE6-slBF,OPMC317,Mikel Proehl
t583-bCE6-slBF,OPMC318,Mikel Proehl
t583-bCE6-slBF,OPMC319,Mikel Proehl
t583-bCE6-slBF,OPMC320,Mikel Proehl
t583-bCE6-slBF,OPMC321,Mikel Proehl
t583-bCE6-slBF,OPMC322,Mikel Proehl
t583-bCE6-slBF,OPMC323,Mikel Proehl
t583-bCE6-slBF,OPMC324,Mikel Proehl
t583-bCE6-slBF,OPMC325,Mikel Proehl
t583-bCE6-slBC,OPMC81,Mikel Proehl
t583-bCE6-slBC,OPMC82,Mikel Proehl
t583-bCE6-slBC,OPMC83,Mikel Proehl
t583-bCE6-slBC,OPMC84,Mikel Proehl
t583-bCE6-slBC,OPMC85,Mikel Proehl
t583-bCE6-slBC,OPMC86,Mikel Proehl
t583-bCE6-slBC,OPMC87,Mikel Proehl
t583-bCE6-slBC,OPMC88,Mikel Proehl
t583-bCE6-slBC,OPMC89,Mikel Proehl
t583-bCE6-slBC,OPMC90,Mikel Proehl
t583-bCE6-slBC,OPMC91,Mikel Proehl
t583-bCE6-slBC,OPMC92,Mikel Proehl
t583-bCE6-slBC,OPMC93,Mikel Proehl
t583-bCE6-slBC,OPMC94,Mikel Proehl
t583-bCE6-slBC,OPMC95,Mikel Proehl
t583-bCE6-slBC,OPMC96,Mikel Proehl
t583-bCE6-slBC,OPMC97,Mikel Proehl
t583-bCE6-slBC,OPMC98,Mikel Proehl
t583-bCE6-slBC,OPMC99,Mikel Proehl
t583-bCE6-slBC,OPMC100,Mikel Proehl
t583-bCE6-slBC,OPMC101,Mikel Proehl
t583-bCE6-slBC,OPMC102,Mikel Proehl
t583-bCE6-slBC,OPMC103,Mikel Proehl
t583-bCE6-slBC,OPMC104,Mikel Proehl
t583-bCE6-slBC,OPMC105,Mikel Proehl
t583-bCE6-slBC,OPMC106,Mikel Proehl
t583-bCE6-slBC,OPMC107,Mikel Proehl
t583-bCE6-slBC,OPMC108,Mikel Proehl
t583-bCE6-slBC,OPMC109,Mikel Proehl
t583-bCE6-slBC,OPMC110,Mikel Proehl
t583-bCE6-slBC,OPMC111,Mikel Proehl
t583-bCE6-slBC,OPMC112,Mikel Proehl
t583-bCE6-slBC,OPMC113,Mikel Proehl
t583-bCE6-slBC,OPMC114,Mikel Proehl
t583-bCE6-slBC,OPMC115,Mikel Proehl
t583-bCE6-slBC,OPMC116,Mikel Proehl
t583-bCE6-slBC,OPMC117,Mikel Proehl
t583-bCE6-slBC,OPMC118,Mikel Proehl
t583-bCE6-slBC,OPMC119,Mikel Proehl
t583-bCE6-slBC,OPMC120,Mikel Proehl
t583-bCE6-slBC,OPMC121,Mikel Proehl
t583-bCE6-slBC,OPMC122,Mikel Proehl
t583-bCE6-slBC,OPMC123,Mikel Proehl
t583-bCE6-slBC,OPMC124,Mikel Proehl
t583-bCE6-slBC,OPMC125,Mikel Proehl
t583-bCE6-slBC,OPMC126,Mikel Proehl
t583-bCE6-slBC,OPMC127,Mikel Proehl
t583-bCE6-slBC,OPMC128,Mikel Proehl
t583-bCE6-slBC,OPMC129,Mikel Proehl
t583-bCE6-slBC,OPMC130,Mikel Proehl
t583-bCE6-slBC,OPMC131,Mikel Proehl
t583-bCE6-slBC,OPMC132,Mikel Proehl
t583-bCE6-slBC,OPMC133,Mikel Proehl
t583-bCE6-slBC,OPMC134,Mikel Proehl
t583-bCE6-slBC,OPMC135,Mikel Proehl
t583-bCE6-slBC,OPMC136,Mikel Proehl
t583-bCE6-slBC,OPMC137,Mikel Proehl
t583-bCE6-slBC,OPMC138,Mikel Proehl
t583-bCE6-slBC,OPMC139,Mikel Proehl
t583-bCE6-slBC,OPMC140,Mikel Proehl
t583-bCE6-slBC,OPMC141,Mikel Proehl
t583-bCE6-slBC,OPMC142,Mikel Proehl
t583-bCE6-slBC,OPMC143,Mikel Proehl
t583-bCE6-slBC,OPMC144,Mikel Proehl
t583-bCE6-slBC,OPMC145,Mikel Proehl
t583-bCE6-slBC,OPMC146,Mikel Proehl
t583-bCE6-slBC,OPMC147,Mikel Proehl
t583-bCE6-slBC,OPMC148,Mikel Proehl
t583-bCE6-slBC,OPMC149,Mikel Proehl
t583-bCE6-slBC,OPMC150,Mikel Proehl
t583-bCE6-slBC,OPMC151,Mikel Proehl
t583-bCE6-slBC,OPMC152,Mikel Proehl
t583-bCE6-slBC,OPMC153,Mikel Proehl
t583-bCE6-slBC,OPMC154,Mikel Proehl
t583-bCE6-slBC,OPMC155,Mikel Proehl
t583-bCE6-slBC,OPMC156,Mikel Proehl
t583-bCE6-slBC,OPMC157,Mikel Proehl
t583-bCE6-slBC,OPMC158,Mikel Proehl
t583-bCE6-slBC,OPMC159,Mikel Proehl
t583-bCE6-slBC,OPMC160,Mikel Proehl
t583-bCE6-slBC,OPMC161,Mikel Proehl
t583-bCE6-slBC,OPMC162,Mikel Proehl
t583-bCE6-slBC,OPMC163,Mikel Proehl
t583-bCE6-slBC,OPMC164,Mikel Proehl
t583-bCE6-slBC,OPMC165,Mikel Proehl
t583-bCE6-slBC,OPMC166,Mikel Proehl
t583-bCE6-slBC,OPMC167,Mikel Proehl
t583-bCE6-slBC,OPMC168,Mikel Proehl
t583-bCE6-slBC,OPMC169,Mikel Proehl
t583-bCE6-slBC,OPMC170,Mikel Proehl
t583-bCE6-slBC,OPMC171,Mikel Proehl
t583-bCE6-slBC,OPMC172,Mikel Proehl
t583-bCE6-slBC,OPMC173,Mikel Proehl
t583-bCE6-slBC,OPMC174,Mikel Proehl
t583-bCE6-slBC,OPMC175,Mikel Proehl
t583-bCE6-slBC,OPMC176,Mikel Proehl
t583-bCE6-slBC,OPMC177,Mikel Proehl
t583-bCE6-slBC,OPMC178,Mikel Proehl
t583-bCE6-slBC,OPMC179,Mikel Proehl
t583-bCE6-slBC,OPMC180,Mikel Proehl
t583-bCE6-slBC,OPMC181,Mikel Proehl
t583-bCE6-slBC,OPMC182,Mikel Proehl
t583-bCE6-slBC,OPMC183,Mikel Proehl
t583-bCE6-slBC,OPMC184,Mikel Proehl
t583-bCE6-slBC,OPMC185,Mikel Proehl
t583-bCE6-slBC,OPMC186,Mikel Proehl
t583-bCE6-slBC,OPMC187,Mikel Proehl
t583-bCE6-slBC,OPMC188,Mikel Proehl
t6C2-bD49-slBE,OP16MT,Milly Tamblin
t6C2-bD49-slBF,OP16MT,Milly Tamblin
t6C2-bD49-slC1,OP16MT,Milly Tamblin
t6C2-bD49-slC2,OP16MT,Milly Tamblin
t717-b5DF-slBE,OP020MS,Mindy Suller
t717-b5DF-slBF,OP020MS,Mindy Suller
t717-b5DF-slC1,OP020MS,Mindy Suller
t717-b5DF-slC2,OP020MS,Mindy Suller
t33E-b5DD-slBE,OP49MA,Mitch Adoms
t33E-b5DD-slBF,OP49MA,Mitch Adoms
t33E-b5DD-slC1,OP49MA,Mitch Adoms
t33E-b5DD-slC2,OP49MA,Mitch Adoms
t33E-b5DD-slBC,OP49MA,Mitch Adoms
t4BA-bAF1-slBE,OP28MK,Mitch Kimbral
t4BA-bAF1-slBF,OP28MK,Mitch Kimbral
t4BA-bAF1-slC1,OP28MK,Mitch Kimbral
t4BA-bAF1-slC2,OP28MK,Mitch Kimbral
t4BA-bAF1-slBC,OP28MK,Mitch Kimbral
t523-bD49-slBE,OP57MA,Monty Alexson
t523-bD49-slBF,OP57MA,Monty Alexson
t523-bD49-slC1,OP57MA,Monty Alexson
t523-bD49-slC2,OP57MA,Monty Alexson
t523-bD49-slBC,OP57MA,Monty Alexson
t66D-b44D-slBE,OP71NH,Nancy Hubbard
t6A4-b138A-slBE,OP71NH,Nancy Hubbard
t66D-b44D-slBF,OP71NH,Nancy Hubbard
t6A4-b138A-slBF,OP71NH,Nancy Hubbard
t66D-b44D-slC1,OP71NH,Nancy Hubbard
t6A4-b138A-slC1,OP71NH,Nancy Hubbard
t6A4-b138A-slC2,OP71NH,Nancy Hubbard
t66D-b44D-slC2,OP71NH,Nancy Hubbard
t4E7-bAF1-slBE,OP51NH,Nico Hebrig
t4E7-bAF1-slBF,OP51NH,Nico Hebrig
t4E7-bAF1-slC1,OP51NH,Nico Hebrig
t4E7-bAF1-slC2,OP51NH,Nico Hebrig
t4E7-bAF1-slBC,OP51NH,Nico Hebrig
t479-b44D-slBE,OP22NH,Nils Hawley
t4B0-b44D-slBE,OP22NH,Nils Hawley
t479-b44D-slBF,OP22NH,Nils Hawley
t4B0-b44D-slBF,OP22NH,Nils Hawley
t479-b44D-slC1,OP22NH,Nils Hawley
t4B0-b44D-slC1,OP22NH,Nils Hawley
t479-b44D-slC2,OP22NH,Nils Hawley
t4B0-b44D-slC2,OP22NH,Nils Hawley
t479-b44D-slBC,OP22NH,Nils Hawley
t4B0-b44D-slBC,OP22NH,Nils Hawley
trip_id,operator_id,operator_name
t3B1-b44D-slBE,OP57PJ,Patrik Jansen
t3B1-b44D-slBF,OP57PJ,Patrik Jansen
t3B1-b44D-slC1,OP57PJ,Patrik Jansen
t3B1-b44D-slC2,OP57PJ,Patrik Jansen
t3B1-b44D-slBC,OP57PJ,Patrik Jansen
t708-b7D1-slBE,OP011PM,Pattricia Myers
t708-b7D1-slBF,OP011PM,Pattricia Myers
t708-b7D1-slC1,OP011PM,Pattricia Myers
t708-b7D1-slC2,OP011PM,Pattricia Myers
t4CE-b5DD-slBE,OP41PW,Payson Wimerson
t4CE-b5DD-slBF,OP41PW,Payson Wimerson
t4CE-b5DD-slC1,OP41PW,Payson Wimerson
t4CE-b5DD-slC2,OP41PW,Payson Wimerson
t4CE-b5DD-slBC,OP41PW,Payson Wimerson
t59B-bBB9-slBE,OP88PF,Phil Feirmouth
t59B-bBB9-slBF,OP88PF,Phil Feirmouth
t59B-bBB9-slC2,OP88PF,Phil Feirmouth
t59B-bBB9-slBC,OP88PF,Phil Feirmouth
t44C-b138A-slBE,OP6PQ,Phil Quest
t44C-b138A-slBF,OP6PQ,Phil Quest
t44C-b138A-slC1,OP6PQ,Phil Quest
t44C-b138A-slC2,OP6PQ,Phil Quest
t44C-b138A-slBC,OP6PQ,Phil Quest
t5A5-b44D-slBE,OP91PS,Presley Smitts
t5A5-b44D-slBF,OP91PS,Presley Smitts
t5A5-b44D-slC1,OP91PS,Presley Smitts
t5A5-b44D-slC2,OP91PS,Presley Smitts
t5A5-b44D-slBC,OP91PS,Presley Smitts
t38E-b3E9-slBE,OP93RN,Raheem Nunezo
t38E-b3E9-slBF,OP93RN,Raheem Nunezo
t38E-b3E9-slC1,OP93RN,Raheem Nunezo
t38E-b3E9-slC2,OP93RN,Raheem Nunezo
t38E-b3E9-slBC,OP93RN,Raheem Nunezo
t3F2-b3E9-slBE,OP43RL,Rahim Lane
t3F2-bD54-slBF,OP43RL,Rahim Lane
t3F2-b3E9-slBF,OP43RL,Rahim Lane
t3F2-bD54-slC1,OP43RL,Rahim Lane
t3F2-b3E9-slC1,OP43RL,Rahim Lane
t3F2-bD54-slC2,OP43RL,Rahim Lane
t3F2-b3E9-slC2,OP43RL,Rahim Lane
t3F2-b3E9-slBC,OP43RL,Rahim Lane
t6AC-bAF2-slBE,OP29RW,Reece Watters
t6AC-bAF2-slBF,OP29RW,Reece Watters
t6AC-bAF2-slC1,OP29RW,Reece Watters
t6AC-bAF2-slC2,OP29RW,Reece Watters
t528-b44D-slBE,OP62RM,Rian Macolum
t528-b44D-slBF,OP62RM,Rian Macolum
t528-b44D-slC1,OP62RM,Rian Macolum
t528-b44D-slC2,OP62RM,Rian Macolum
t528-b44D-slBC,OP62RM,Rian Macolum
t393-bA8D-slBE,OP66RB,Rich Blylock
t393-bA8D-slBF,OP66RB,Rich Blylock
t393-bA8D-slC1,OP66RB,Rich Blylock
t393-bA8D-slC2,OP66RB,Rich Blylock
t393-bA8D-slBC,OP66RB,Rich Blylock
t6AE-b3E9-slBE,OP10RW,Ronnie Winters
t6AE-b3E9-slBF,OP10RW,Ronnie Winters
t6AE-b3E9-slC1,OP10RW,Ronnie Winters
t6AE-b3E9-slC2,OP10RW,Ronnie Winters
t415-b44D-slBE,OP3RW,Rusty Wilson
t415-b44D-slBF,OP3RW,Rusty Wilson
t415-b44D-slC1,OP3RW,Rusty Wilson
t415-b44D-slC2,OP3RW,Rusty Wilson
t415-b44D-slBC,OP3RW,Rusty Wilson
t616-bAF2-slBE,OP102SJ,Seth Jaxon
t616-bAF2-slBF,OP102SJ,Seth Jaxon
t616-bAF2-slC1,OP102SJ,Seth Jaxon
t616-bAF2-slC2,OP102SJ,Seth Jaxon
t65E-b9F7-slBE,OP106ST,Skye Tomlin
t65E-b9F7-slBF,OP106ST,Skye Tomlin
t65E-b9F7-slC1,OP106ST,Skye Tomlin
t65E-b9F7-slC2,OP106ST,Skye Tomlin
t578-bC81-slBE,OP74SA,Steve Amberson
t578-bC81-slBF,OP74SA,Steve Amberson
t578-bC81-slC1,OP74SA,Steve Amberson
t578-bC81-slC2,OP74SA,Steve Amberson
t578-bC81-slBC,OP74SA,Steve Amberson
t668-bB55-slBE,OP76TF,Tammy Fantana
t668-bB55-slBF,OP76TF,Tammy Fantana
t668-bB55-slC1,OP76TF,Tammy Fantana
t668-bB55-slC2,OP76TF,Tammy Fantana
t3FC-b44D-slBE,OP31TN,Taylor Noobin
t3FC-b44D-slBF,OP31TN,Taylor Noobin
t3FC-b44D-slC1,OP31TN,Taylor Noobin
t3FC-b44D-slC2,OP31TN,Taylor Noobin
t3FC-b44D-slBC,OP31TN,Taylor Noobin
t3E8-b5DD-slBE,OP84TJ,Ted Jeppsen
t3E8-b5DD-slBF,OP84TJ,Ted Jeppsen
t3E8-b5DD-slC1,OP84TJ,Ted Jeppsen
t3E8-b5DD-slC2,OP84TJ,Ted Jeppsen
t3E8-b5DD-slBC,OP84TJ,Ted Jeppsen
t64F-bD49-slBE,OP105TR,Thom Ridge
t64F-bD49-slBF,OP105TR,Thom Ridge
t64F-bD49-slC1,OP105TR,Thom Ridge
t64F-bD49-slC2,OP105TR,Thom Ridge
t6CC-bAF2-slBE,OP02TA,Tim Artz
t6CC-bAF2-slBF,OP02TA,Tim Artz
t6CC-bAF2-slC1,OP02TA,Tim Artz
t6CC-bAF2-slC2,OP02TA,Tim Artz
t262-b3E9-slBE,OPT12TB,Tim Boyle
t262-b3E9-slBF,OPT12TB,Tim Boyle
t262-b3E9-slC1,OPT12TB,Tim Boyle
t262-b3E9-slC2,OPT12TB,Tim Boyle
t262-b3E9-slBC,OPT12TB,Tim Boyle
t334-b44D-slBE,OP45TF,Timon Fox
t334-b44D-slBF,OP45TF,Timon Fox
t334-b44D-slC1,OP45TF,Timon Fox
t334-b44D-slC2,OP45TF,Timon Fox
t334-b44D-slBC,OP45TF,Timon Fox
t5A0-b3E9-slBE,OP90TW,Tom Walts
t5A0-b3E9-slBF,OP90TW,Tom Walts
t5A0-b3E9-slC1,OP90TW,Tom Walts
t5A0-b3E9-slC2,OP90TW,Tom Walts
t5A0-b3E9-slBC,OP90TW,Tom Walts
t21C-b3E9-slBE,OP15TD,Tommy DeVito
t21C-b3E9-slBF,OP15TD,Tommy DeVito
t21C-b3E9-slC1,OP15TD,Tommy DeVito
t21C-b3E9-slC2,OP15TD,Tommy DeVito
t21C-b3E9-slBC,OP15TD,Tommy DeVito
t3AC-b3E9-slBE,OP37TH,Troy Hawkens
t3AC-bD53-slBF,OP37TH,Troy Hawkens
t3AC-b3E9-slBF,OP37TH,Troy Hawkens
t3AC-bD53-slC1,OP37TH,Troy Hawkens
t3AC-b3E9-slC1,OP37TH,Troy Hawkens
t3AC-bD53-slC2,OP37TH,Troy Hawkens
t3AC-b3E9-slC2,OP37TH,Troy Hawkens
t3AC-b3E9-slBC,OP37TH,Troy Hawkens
t334-bAF1-slBE,OP47TS,Ty Summers
t334-bAF1-slBF,OP47TS,Ty Summers
t334-bAF1-slC1,OP47TS,Ty Summers
t334-bAF1-slC2,OP47TS,Ty Summers
t334-bAF1-slBC,OP47TS,Ty Summers
t20D-bCE5-slBE,OP29TT,Tyrone Tracy
t20D-bCE5-slBF,OP29TT,Tyrone Tracy
t20D-bCE5-slC1,OP29TT,Tyrone Tracy
t20D-bCE5-slC2,OP29TT,Tyrone Tracy
t20D-bCE5-slBC,OP29TT,Tyrone Tracy
t4D3-bA8D-slBE,OP44TM,Tyson Makativitch
t4D3-bA8D-slBF,OP44TM,Tyson Makativitch
t4D3-bA8D-slC1,OP44TM,Tyson Makativitch
t4D3-bA8D-slC2,OP44TM,Tyson Makativitch
t4D3-bA8D-slBC,OP44TM,Tyson Makativitch
t456-b3E9-slBE,OP11VJ,Val Jeremy
t456-b3E9-slBF,OP11VJ,Val Jeremy
t456-b3E9-slC1,OP11VJ,Val Jeremy
t456-b3E9-slC2,OP11VJ,Val Jeremy
t456-b3E9-slBC,OP11VJ,Val Jeremy
t2BC-b5DD-slBE,OP17WD,Wandale Robinson
t2BC-b5DD-slBF,OP17WD,Wandale Robinson
t2BC-b5DD-slC1,OP17WD,Wandale Robinson
t2BC-b5DD-slC2,OP17WD,Wandale Robinson
t2BC-b5DD-slBC,OP17WD,Wandale Robinson
t514-b76D-slBE,OP54ZF,Zak Fraser
t514-b76D-slBF,OP54ZF,Zak Fraser
t514-b76D-slC1,OP54ZF,Zak Fraser
t514-b76D-slC2,OP54ZF,Zak Fraser
t514-b76D-slBC,OP54ZF,Zak Fraser
t6D6-bC1C-slBE,OP07ZA,Zoe Aszani
t6D6-bC1C-slBF,OP07ZA,Zoe Aszani
t6D6-bC1C-slC1,OP07ZA,Zoe Aszani
t6D6-bC1C-slC2,OP07ZA,Zoe Aszani
